{
	"wano.empereurs.barbe_noir.black_hole": {
		"sounds": [
			"wano/empereurs/barbe_noir/black_hole"
		]
	},
	"wano.empereurs.barbe_noir.shima_yurashi": {
		"sounds": [
			"wano/empereurs/barbe_noir/shima_yurashi"
		]
	},



	"wano.empereurs.big_mom.cognac": {
		"sounds": [
			"wano/empereurs/big_mom/cognac"
		]
	},
	"wano.empereurs.big_mom.ikoku": {
		"sounds": [
			"wano/empereurs/big_mom/ikoku"
		]
	},



	"wano.empereurs.kaido.boro_breath": {
		"sounds": [
			"wano/empereurs/kaido/boro_breath"
		]
	},
	"wano.empereurs.kaido.ramei_hakke": {
		"sounds": [
			"wano/empereurs/kaido/ramei_hakke"
		]
	},



	"wano.empereurs.shanks.haki_des_rois": {
		"sounds": [
			"wano/empereurs/shanks/haki_des_rois"
		]
	},
	"wano.empereurs.shanks.haki_observation": {
		"sounds": [
			"wano/empereurs/shanks/haki_observation"
		]
	},



	"wano.pirates.bartolomeo": {
		"sounds": [
			"wano/pirates/bartolomeo"
		]
	},

	"wano.pirates.cavendish": {
		"sounds": [
			"wano/pirates/cavendish"
		]
	},

	"wano.pirates.kuzan": {
		"sounds": [
			"wano/pirates/kuzan"
		]
	},

	"wano.pirates.law": {
		"sounds": [
			"wano/pirates/law"
		]
	},

	"wano.pirates.luffy": {
		"sounds": [
			"wano/pirates/luffy"
		]
	},

	"wano.pirates.nami": {
		"sounds": [
			"wano/pirates/nami"
		]
	},

	"wano.pirates.sabo": {
		"sounds": [
			"wano/pirates/sabo"
		]
	},

	"wano.pirates.zoro": {
		"sounds": [
			"wano/pirates/zoro"
		]
	}
}
